building_name,building_id,category,level,wood,clay,iron,crop,total_resources,build_time,population,culture_points
Bakery,g15,Infrastructure,1,1200,1480,870,1600,5150,3680,4,1
Bakery,g15,Infrastructure,2,2160,2665,1565,2880,9270,6720,6,1
Bakery,g15,Infrastructure,3,3890,4795,2820,5185,16690,11280,8,2
Bakery,g15,Infrastructure,4,7000,8630,5075,9330,30035,18120,10,2
Bakery,g15,Infrastructure,5,12595,15535,9135,16795,54060,28380,12,2
Brickyard,g15,Infrastructure,1,440,480,320,50,1290,2240,3,1
Brickyard,g15,Infrastructure,2,790,865,575,90,2320,4560,5,1
Brickyard,g15,Infrastructure,3,1425,1555,1035,160,4175,8040,7,2
Brickyard,g15,Infrastructure,4,2565,2800,1865,290,7520,13260,9,2
Brickyard,g15,Infrastructure,5,4620,5040,3360,525,13545,21090,11,2
Clay Pit,g15,Infrastructure,1,80,40,80,50,250,220,2,1
Clay Pit,g15,Infrastructure,2,135,65,135,85,420,550,3,1
Clay Pit,g15,Infrastructure,3,225,110,225,140,700,1080,4,2
Clay Pit,g15,Infrastructure,4,375,185,375,235,1170,1930,5,2
Clay Pit,g15,Infrastructure,5,620,310,620,390,1940,3290,6,2
Clay Pit,g15,Infrastructure,6,1040,520,1040,650,3250,5470,8,3
Clay Pit,g15,Infrastructure,7,1735,870,1735,1085,5425,8950,10,4
Clay Pit,g15,Infrastructure,8,2900,1450,2900,1810,9060,14520,12,4
Clay Pit,g15,Infrastructure,9,4840,2420,4840,3025,15125,23430,14,5
Clay Pit,g15,Infrastructure,10,8080,4040,8080,5050,25250,37690,16,6
Clay Pit,g15,Infrastructure,11,13500,6750,13500,8435,42185,60510,18,7
Clay Pit,g15,Infrastructure,12,22540,11270,22540,14090,70440,97010,20,9
Clay Pit,g15,Infrastructure,13,37645,18820,37645,23525,117635,155420,22,11
Clay Pit,g15,Infrastructure,14,62865,31430,62865,39290,196450,248870,24,13
Clay Pit,g15,Infrastructure,15,104985,52490,104985,65615,328075,110,26,15
Clay Pit,g15,Infrastructure,16,175320,87660,175320,109575,547875,177,29,18
Clay Pit,g15,Infrastructure,17,292790,146395,292790,182995,914970,283,32,22
Clay Pit,g15,Infrastructure,18,488955,244480,488955,305600,1527990,453,35,27
Clay Pit,g15,Infrastructure,19,816555,408280,816555,510350,2551740,725,38,32
Clay Pit,g15,Infrastructure,20,1363650,681825,1363650,852280,4261405,1161,41,38
Clay Pit,g15,Infrastructure,21,2277295,1138650,2277295,1423310,7116550,1858,44,46
Clay Pit,g15,Infrastructure,22,3803085,1901540,3803085,2376925,11884635,2972,47,55
Clay Pit,g15,Infrastructure,23,6351150,3175575,6351150,3969470,19847345,4756,50,66
Cropland,g15,Infrastructure,1,70,90,70,20,250,150,0,1
Cropland,g15,Infrastructure,2,115,150,115,35,415,440,0,1
Cropland,g15,Infrastructure,3,195,250,195,55,695,900,0,2
Cropland,g15,Infrastructure,4,325,420,325,95,1165,1650,0,2
Cropland,g15,Infrastructure,5,545,700,545,155,1945,2830,0,2
Cropland,g15,Infrastructure,6,910,1170,910,260,3250,4730,1,3
Cropland,g15,Infrastructure,7,1520,1950,1520,435,5425,7780,2,4
Cropland,g15,Infrastructure,8,2535,3260,2535,725,9055,12640,3,4
Cropland,g15,Infrastructure,9,4235,5445,4235,1210,15125,20430,4,5
Cropland,g15,Infrastructure,10,7070,9095,7070,2020,25255,32880,5,6
Cropland,g15,Infrastructure,11,11810,15185,11810,3375,42180,52810,6,7
Cropland,g15,Infrastructure,12,19725,25360,19725,5635,70445,84700,7,9
Cropland,g15,Infrastructure,13,32940,42350,32940,9410,117640,135710,8,11
Cropland,g15,Infrastructure,14,55005,70720,55005,15715,196445,217340,9,13
Cropland,g15,Infrastructure,15,91860,118105,91860,26245,328070,347950,10,15
Cropland,g15,Infrastructure,16,153405,197240,153405,43830,547880,154,12,18
Cropland,g15,Infrastructure,17,256190,329385,256190,73195,914960,247,14,22
Cropland,g15,Infrastructure,18,427835,550075,427835,122240,1527985,396,16,27
Cropland,g15,Infrastructure,19,714485,918625,714485,204140,2551735,633,18,32
Cropland,g15,Infrastructure,20,1193195,1534105,1193195,340915,4261410,1014,20,38
Cropland,g15,Infrastructure,21,1992635,2561960,1992635,569325,7116555,1623,22,46
Cropland,g15,Infrastructure,22,3327700,4278470,3327700,950770,11884640,2596,24,55
Cropland,g15,Infrastructure,23,5557255,7145045,5557255,1587785,19847340,4155,26,66
Grain Mill,g15,Infrastructure,1,500,440,380,1240,2560,1840,3,1
Grain Mill,g15,Infrastructure,2,900,790,685,2230,4605,3960,5,1
Grain Mill,g15,Infrastructure,3,1620,1425,1230,4020,8295,7140,7,2
Grain Mill,g15,Infrastructure,4,2915,2565,2215,7230,14925,11910,9,2
Grain Mill,g15,Infrastructure,5,5250,4620,3990,13015,26875,19070,11,2
Iron Foundry,g15,Infrastructure,1,200,450,510,120,1280,4080,6,1
Iron Foundry,g15,Infrastructure,2,360,810,920,215,2305,7320,9,1
Iron Foundry,g15,Infrastructure,3,650,1460,1650,390,4150,12180,12,2
Iron Foundry,g15,Infrastructure,4,1165,2625,2975,700,7465,19470,15,2
Iron Foundry,g15,Infrastructure,5,2100,4725,5355,1260,13440,30410,18,2
Iron Mine,g15,Infrastructure,1,100,80,30,60,270,450,3,1
Iron Mine,g15,Infrastructure,2,165,135,50,100,450,920,5,1
Iron Mine,g15,Infrastructure,3,280,225,85,165,755,1670,7,2
Iron Mine,g15,Infrastructure,4,465,375,140,280,1260,2880,9,2
Iron Mine,g15,Infrastructure,5,780,620,235,465,2100,4800,11,2
Iron Mine,g15,Infrastructure,6,1300,1040,390,780,3510,7880,13,3
Iron Mine,g15,Infrastructure,7,2170,1735,650,1300,5855,12810,15,4
Iron Mine,g15,Infrastructure,8,3625,2900,1085,2175,9785,20690,17,4
Iron Mine,g15,Infrastructure,9,6050,4840,1815,3630,16335,33310,19,5
Iron Mine,g15,Infrastructure,10,10105,8080,3030,6060,27275,53500,21,6
Iron Mine,g15,Infrastructure,11,16870,13500,5060,10125,45555,85800,24,7
Iron Mine,g15,Infrastructure,12,28175,22540,8455,16905,76075,137470,27,9
Iron Mine,g15,Infrastructure,13,47055,37645,14115,28230,127045,220160,30,11
Iron Mine,g15,Infrastructure,14,78580,62865,23575,47150,212170,352450,33,13
Iron Mine,g15,Infrastructure,15,131230,104985,39370,78740,354325,156,36,15
Iron Mine,g15,Infrastructure,16,219155,175320,65745,131490,591710,250,39,18
Iron Mine,g15,Infrastructure,17,365985,292790,109795,219590,988160,401,42,22
Iron Mine,g15,Infrastructure,18,611195,488955,183360,366715,1650225,642,45,27
Iron Mine,g15,Infrastructure,19,1020695,816555,306210,612420,2755880,1027,48,32
Iron Mine,g15,Infrastructure,20,1704565,1363650,511370,1022740,4602325,1643,51,38
Iron Mine,g15,Infrastructure,21,2846620,2277295,853985,1707970,7685870,2630,55,46
Iron Mine,g15,Infrastructure,22,4753855,3803085,1426155,2852315,12835410,4208,59,55
Iron Mine,g15,Infrastructure,23,7938935,6351150,2381680,4763360,21435125,6734,63,66
Sawmill,g15,Infrastructure,1,520,380,290,90,1280,3000,4,1
Sawmill,g15,Infrastructure,2,935,685,520,160,2300,5700,6,1
Sawmill,g15,Infrastructure,3,1685,1230,940,290,4145,9750,8,2
Sawmill,g15,Infrastructure,4,3035,2215,1690,525,7465,15830,10,2
Sawmill,g15,Infrastructure,5,5460,3990,3045,945,13440,24940,12,2
Woodcutter,g15,Infrastructure,1,40,100,50,60,250,260,2,1
Woodcutter,g15,Infrastructure,2,65,165,85,100,415,620,3,1
Woodcutter,g15,Infrastructure,3,110,280,140,165,695,1190,4,2
Woodcutter,g15,Infrastructure,4,185,465,235,280,1165,2100,5,2
Woodcutter,g15,Infrastructure,5,310,780,390,465,1945,3560,6,2
Woodcutter,g15,Infrastructure,6,520,1300,650,780,3250,5890,8,3
Woodcutter,g15,Infrastructure,7,870,2170,1085,1300,5425,9620,10,4
Woodcutter,g15,Infrastructure,8,1450,3625,1810,2175,9060,15590,12,4
Woodcutter,g15,Infrastructure,9,2420,6050,3025,3630,15125,25150,14,5
Woodcutter,g15,Infrastructure,10,4040,10105,5050,6060,25255,40440,16,6
Woodcutter,g15,Infrastructure,11,6750,16870,8435,10125,42180,64900,18,7
Woodcutter,g15,Infrastructure,12,11270,28175,14090,16905,70440,104050,20,9
Woodcutter,g15,Infrastructure,13,18820,47055,23525,28230,117630,166680,22,11
Woodcutter,g15,Infrastructure,14,31430,78580,39290,47150,196450,266880,24,13
Woodcutter,g15,Infrastructure,15,52490,131230,65615,78740,328075,118,26,15
Woodcutter,g15,Infrastructure,16,87660,219155,109575,131490,547880,189,29,18
Woodcutter,g15,Infrastructure,17,146395,365985,182995,219590,914965,303,32,22
Woodcutter,g15,Infrastructure,18,244480,611195,305600,366715,1527990,486,35,27
Woodcutter,g15,Infrastructure,19,408280,1020695,510350,612420,2551745,778,38,32
Woodcutter,g15,Infrastructure,20,681825,1704565,852280,1022740,4261410,1245,41,38
Woodcutter,g15,Infrastructure,21,1138650,2846620,1423310,1707970,7116550,1992,44,46
Woodcutter,g15,Infrastructure,22,1901540,4753855,2376925,2852315,11884635,3187,47,55
Woodcutter,g15,Infrastructure,23,3175575,7938935,3969470,4763360,19847340,5100,50,66
Brewery,g15,Infrastructure,1,3210,2050,2750,3830,11840,8000,6,5
Brewery,g15,Infrastructure,2,3980,2540,3410,4750,14680,9940,9,6
Brewery,g15,Infrastructure,3,4935,3150,4230,5890,18205,12130,12,7
Brewery,g15,Infrastructure,4,6120,3910,5245,7300,22575,14610,15,8
Brewery,g15,Infrastructure,5,7590,4845,6500,9055,27990,17410,18,10
Brewery,g15,Infrastructure,6,9410,6010,8060,11230,34710,20570,22,12
Brewery,g15,Infrastructure,7,11670,7450,9995,13925,43040,24150,26,14
Brewery,g15,Infrastructure,8,14470,9240,12395,17265,53370,28190,30,17
Brewery,g15,Infrastructure,9,17940,11460,15370,21410,66180,32750,34,21
Brewery,g15,Infrastructure,10,22250,14210,19060,26545,82065,37910,38,25
Brewery,g15,Infrastructure,11,27590,17620,23635,32915,101760,43730,42,30
Brewery,g15,Infrastructure,12,34210,21845,29305,40815,126175,50320,46,36
Brewery,g15,Infrastructure,13,42420,27090,36340,50615,156465,57760,50,43
Brewery,g15,Infrastructure,14,52600,33590,45060,62760,194010,66170,54,51
Brewery,g15,Infrastructure,15,65225,41655,55875,77820,240575,75670,58,62
Brewery,g15,Infrastructure,16,80880,51650,69290,96500,298320,86410,63,74
Brewery,g15,Infrastructure,17,100290,64045,85915,119660,369910,98540,68,89
Brewery,g15,Infrastructure,18,124360,79420,106535,148375,458690,112250,73,106
Brewery,g15,Infrastructure,19,154205,98480,132105,183990,568780,127750,78,128
Brewery,g15,Infrastructure,20,191215,122115,163810,228145,705285,145250,83,153
Command Center,g15,Infrastructure,1,1600,1250,1050,200,4100,2500,1,2
Command Center,g15,Infrastructure,2,1950,1525,1280,245,5000,3200,2,3
Command Center,g15,Infrastructure,3,2380,1860,1565,300,6105,4010,3,3
Command Center,g15,Infrastructure,4,2905,2270,1905,365,7445,4950,4,4
Command Center,g15,Infrastructure,5,3545,2770,2325,445,9085,6050,5,5
Command Center,g15,Infrastructure,6,4325,3380,2840,540,11085,7310,6,6
Command Center,g15,Infrastructure,7,5275,4120,3460,660,13515,8780,7,7
Command Center,g15,Infrastructure,8,6435,5030,4225,805,16495,10490,8,9
Command Center,g15,Infrastructure,9,7850,6135,5155,980,20120,12470,9,10
Command Center,g15,Infrastructure,10,9580,7485,6285,1195,24545,14760,10,12
Command Center,g15,Infrastructure,11,11685,9130,7670,1460,29945,17430,12,15
Command Center,g15,Infrastructure,12,14260,11140,9355,1780,36535,20510,14,18
Command Center,g15,Infrastructure,13,17395,13590,11415,2175,44575,24100,16,21
Command Center,g15,Infrastructure,14,21225,16580,13925,2655,54385,28250,18,26
Command Center,g15,Infrastructure,15,25890,20230,16990,3235,66345,33070,20,31
Command Center,g15,Infrastructure,16,31590,24680,20730,3950,80950,38660,22,37
Command Center,g15,Infrastructure,17,38535,30105,25290,4815,98745,45150,24,44
Command Center,g15,Infrastructure,18,47015,36730,30855,5875,120475,52670,26,53
Command Center,g15,Infrastructure,19,57360,44810,37640,7170,146980,61400,28,64
Command Center,g15,Infrastructure,20,69975,54670,45925,8745,179315,71520,30,77
Cranny,g15,Infrastructure,1,40,50,30,10,130,300,0,1
Cranny,g15,Infrastructure,2,50,65,40,15,170,650,0,1
Cranny,g15,Infrastructure,3,65,80,50,15,210,1050,0,2
Cranny,g15,Infrastructure,4,85,105,65,20,275,1520,0,2
Cranny,g15,Infrastructure,5,105,135,80,25,345,2060,0,2
Cranny,g15,Infrastructure,6,135,170,105,35,445,2690,1,3
Cranny,g15,Infrastructure,7,175,220,130,45,570,3420,2,4
Cranny,g15,Infrastructure,8,225,280,170,55,730,4270,3,4
Cranny,g15,Infrastructure,9,290,360,215,70,935,5260,4,5
Cranny,g15,Infrastructure,10,370,460,275,90,1195,6400,5,6
Embassy,g15,Infrastructure,1,180,130,150,80,540,2000,3,5
Embassy,g15,Infrastructure,2,230,165,190,100,685,2620,5,6
Embassy,g15,Infrastructure,3,295,215,245,130,885,3340,7,7
Embassy,g15,Infrastructure,4,375,275,315,170,1135,4170,9,8
Embassy,g15,Infrastructure,5,485,350,405,215,1455,5140,11,10
Embassy,g15,Infrastructure,6,620,445,515,275,1855,6260,13,12
Embassy,g15,Infrastructure,7,790,570,660,350,2370,7570,15,14
Embassy,g15,Infrastructure,8,1015,730,845,450,3040,9080,17,17
Embassy,g15,Infrastructure,9,1295,935,1080,575,3885,10830,19,21
Embassy,g15,Infrastructure,10,1660,1200,1385,740,4985,12860,21,25
Embassy,g15,Infrastructure,11,2125,1535,1770,945,6375,15220,24,30
Embassy,g15,Infrastructure,12,2720,1965,2265,1210,8160,17950,27,36
Embassy,g15,Infrastructure,13,3480,2515,2900,1545,10440,21130,30,43
Embassy,g15,Infrastructure,14,4455,3220,3715,1980,13370,24810,33,51
Embassy,g15,Infrastructure,15,5705,4120,4755,2535,17115,29080,36,62
Embassy,g15,Infrastructure,16,7300,5275,6085,3245,21905,34030,39,74
Embassy,g15,Infrastructure,17,9345,6750,7790,4155,28040,39770,42,89
Embassy,g15,Infrastructure,18,11965,8640,9970,5315,35890,46440,45,106
Embassy,g15,Infrastructure,19,15315,11060,12760,6805,45940,54170,48,128
Embassy,g15,Infrastructure,20,19600,14155,16335,8710,58800,63130,51,153
Granary,g15,Infrastructure,1,80,100,70,20,270,1600,1,1
Granary,g15,Infrastructure,2,100,130,90,25,345,2160,2,1
Granary,g15,Infrastructure,3,130,165,115,35,445,2800,3,2
Granary,g15,Infrastructure,4,170,210,145,40,565,3550,4,2
Granary,g15,Infrastructure,5,215,270,190,55,730,4420,5,2
Granary,g15,Infrastructure,6,275,345,240,70,930,5420,6,3
Granary,g15,Infrastructure,7,350,440,310,90,1190,6590,7,4
Granary,g15,Infrastructure,8,450,565,395,115,1525,7950,8,4
Granary,g15,Infrastructure,9,575,720,505,145,1945,9520,9,5
Granary,g15,Infrastructure,10,740,920,645,185,2490,11340,10,6
Granary,g15,Infrastructure,11,945,1180,825,235,3185,13450,12,7
Granary,g15,Infrastructure,12,1210,1510,1060,300,4080,15910,14,9
Granary,g15,Infrastructure,13,1545,1935,1355,385,5220,18750,16,11
Granary,g15,Infrastructure,14,1980,2475,1735,495,6685,22050,18,13
Granary,g15,Infrastructure,15,2535,3170,2220,635,8560,25880,20,15
Granary,g15,Infrastructure,16,3245,4055,2840,810,10950,30320,22,18
Granary,g15,Infrastructure,17,4155,5190,3635,1040,14020,35470,24,22
Granary,g15,Infrastructure,18,5315,6645,4650,1330,17940,41450,26,27
Granary,g15,Infrastructure,19,6805,8505,5955,1700,22965,48380,28,32
Granary,g15,Infrastructure,20,8710,10890,7620,2180,29400,56420,30,38
Great Granary,g15,Infrastructure,1,400,500,350,100,1350,7000,1,1
Great Granary,g15,Infrastructure,2,510,640,450,130,1730,8420,2,1
Great Granary,g15,Infrastructure,3,655,820,575,165,2215,10070,3,2
Great Granary,g15,Infrastructure,4,840,1050,735,210,2835,11980,4,2
Great Granary,g15,Infrastructure,5,1075,1340,940,270,3625,14190,5,2
Great Granary,g15,Infrastructure,6,1375,1720,1205,345,4645,16770,6,3
Great Granary,g15,Infrastructure,7,1760,2200,1540,440,5940,19750,7,4
Great Granary,g15,Infrastructure,8,2250,2815,1970,565,7600,23210,8,4
Great Granary,g15,Infrastructure,9,2880,3605,2520,720,9725,27220,9,5
Great Granary,g15,Infrastructure,10,3690,4610,3230,920,12450,31880,10,6
Great Granary,g15,Infrastructure,11,4720,5905,4130,1180,15935,37280,12,7
Great Granary,g15,Infrastructure,12,6045,7555,5290,1510,20400,43540,14,9
Great Granary,g15,Infrastructure,13,7735,9670,6770,1935,26110,50810,16,11
Great Granary,g15,Infrastructure,14,9905,12380,8665,2475,33425,59240,18,13
Great Granary,g15,Infrastructure,15,12675,15845,11090,3170,42780,69010,20,15
Great Granary,g15,Infrastructure,16,16225,20280,14200,4055,54760,80360,22,18
Great Granary,g15,Infrastructure,17,20770,25960,18175,5190,70095,93510,24,22
Great Granary,g15,Infrastructure,18,26585,33230,23260,6645,89720,108780,26,27
Great Granary,g15,Infrastructure,19,34030,42535,29775,8505,114845,126480,28,32
Great Granary,g15,Infrastructure,20,43555,54445,38110,10890,147000,147020,30,38
Great Warehouse,g15,Infrastructure,1,650,800,450,200,2100,9000,1,1
Great Warehouse,g15,Infrastructure,2,830,1025,575,255,2685,10740,2,1
Great Warehouse,g15,Infrastructure,3,1065,1310,735,330,3440,12760,3,2
Great Warehouse,g15,Infrastructure,4,1365,1680,945,420,4410,15100,4,2
Great Warehouse,g15,Infrastructure,5,1745,2145,1210,535,5635,17820,5,2
Great Warehouse,g15,Infrastructure,6,2235,2750,1545,685,7215,20970,6,3
Great Warehouse,g15,Infrastructure,7,2860,3520,1980,880,9240,24620,7,4
Great Warehouse,g15,Infrastructure,8,3660,4505,2535,1125,11825,28860,8,4
Great Warehouse,g15,Infrastructure,9,4685,5765,3245,1440,15135,33780,9,5
Great Warehouse,g15,Infrastructure,10,5995,7380,4150,1845,19370,39480,10,6
Great Warehouse,g15,Infrastructure,11,7675,9445,5315,2360,24795,46100,12,7
Great Warehouse,g15,Infrastructure,12,9825,12090,6800,3020,31735,53780,14,9
Great Warehouse,g15,Infrastructure,13,12575,15475,8705,3870,40625,62680,16,11
Great Warehouse,g15,Infrastructure,14,16095,19805,11140,4950,51990,73010,18,13
Great Warehouse,g15,Infrastructure,15,20600,25355,14260,6340,66555,84990,20,15
Great Warehouse,g15,Infrastructure,16,26365,32450,18255,8115,85185,98890,22,18
Great Warehouse,g15,Infrastructure,17,33750,41540,23365,10385,109040,115010,24,22
Great Warehouse,g15,Infrastructure,18,43200,53170,29910,13290,139570,133710,26,27
Great Warehouse,g15,Infrastructure,19,55295,68055,38280,17015,178645,155400,28,32
Great Warehouse,g15,Infrastructure,20,70780,87110,49000,21780,228670,180570,30,38
Harbor,g15,Infrastructure,1,1440,1370,1290,495,4595,4000,3,5
Harbor,g15,Infrastructure,2,1870,1780,1675,645,5970,4940,5,6
Harbor,g15,Infrastructure,3,2435,2315,2180,835,7765,6030,7,7
Harbor,g15,Infrastructure,4,3165,3010,2835,1090,10100,7300,9,8
Harbor,g15,Infrastructure,5,4115,3915,3685,1415,13130,8760,11,10
Harbor,g15,Infrastructure,6,5345,5085,4790,1840,17060,10460,13,12
Harbor,g15,Infrastructure,7,6950,6615,6225,2390,22180,12440,15,14
Harbor,g15,Infrastructure,8,9035,8595,8095,3105,28830,14730,17,17
Harbor,g15,Infrastructure,9,11745,11175,10525,4040,37485,17390,19,21
Harbor,g15,Infrastructure,10,15270,14530,13680,5250,48730,20470,21,25
Harbor,g15,Infrastructure,11,19850,18885,17785,6825,63345,24040,24,30
Harbor,g15,Infrastructure,12,25805,24555,23120,8870,82350,28190,27,36
Harbor,g15,Infrastructure,13,33550,31920,30055,11535,107060,33000,30,43
Harbor,g15,Infrastructure,14,43615,41495,39070,14990,139170,38580,33,51
Harbor,g15,Infrastructure,15,56700,53940,50790,19490,180920,45050,36,62
Harbor,g15,Infrastructure,16,73710,70125,66030,25335,235200,52560,39,74
Harbor,g15,Infrastructure,17,95820,91160,85840,32940,305760,61270,42,89
Harbor,g15,Infrastructure,18,124565,118510,111590,42820,397485,71370,45,106
Harbor,g15,Infrastructure,19,161935,154065,145065,55665,516730,83090,48,128
Harbor,g15,Infrastructure,20,210515,200285,188590,72365,671755,96690,51,153
Horse Drinking Trough,g15,Infrastructure,1,780,420,660,540,2400,2200,5,4
Horse Drinking Trough,g15,Infrastructure,2,1000,540,845,690,3075,3150,8,4
Horse Drinking Trough,g15,Infrastructure,3,1280,690,1080,885,3935,4260,11,5
Horse Drinking Trough,g15,Infrastructure,4,1635,880,1385,1130,5030,5540,14,6
Horse Drinking Trough,g15,Infrastructure,5,2095,1125,1770,1450,6440,7020,17,7
Horse Drinking Trough,g15,Infrastructure,6,2680,1445,2270,1855,8250,8750,20,9
Horse Drinking Trough,g15,Infrastructure,7,3430,1845,2905,2375,10555,10750,23,11
Horse Drinking Trough,g15,Infrastructure,8,4390,2365,3715,3040,13510,13070,26,13
Horse Drinking Trough,g15,Infrastructure,9,5620,3025,4755,3890,17290,15760,29,15
Horse Drinking Trough,g15,Infrastructure,10,7195,3875,6085,4980,22135,18880,32,19
Horse Drinking Trough,g15,Infrastructure,11,9210,4960,7790,6375,28335,22500,36,22
Horse Drinking Trough,g15,Infrastructure,12,11785,6345,9975,8160,36265,26700,40,27
Horse Drinking Trough,g15,Infrastructure,13,15085,8125,12765,10445,46420,31570,44,32
Horse Drinking Trough,g15,Infrastructure,14,19310,10400,16340,13370,59420,37220,48,39
Horse Drinking Trough,g15,Infrastructure,15,24720,13310,20915,17115,76060,43780,52,46
Horse Drinking Trough,g15,Infrastructure,16,31640,17035,26775,21905,97355,51380,56,55
Horse Drinking Trough,g15,Infrastructure,17,40500,21810,34270,28040,124620,60200,60,67
Horse Drinking Trough,g15,Infrastructure,18,51840,27915,43865,35890,159510,70430,64,80
Horse Drinking Trough,g15,Infrastructure,19,66355,35730,56145,45940,204170,82300,68,96
Horse Drinking Trough,g15,Infrastructure,20,84935,45735,71870,58800,261340,96070,72,115
Main Building,g15,Infrastructure,1,70,40,60,20,190,10000,2,2
Main Building,g15,Infrastructure,2,90,50,75,25,240,2620,3,3
Main Building,g15,Infrastructure,3,115,65,100,35,315,3220,4,3
Main Building,g15,Infrastructure,4,145,85,125,40,395,3880,5,4
Main Building,g15,Infrastructure,5,190,105,160,55,510,4610,6,5
Main Building,g15,Infrastructure,6,240,135,205,70,650,5410,8,6
Main Building,g15,Infrastructure,7,310,175,265,90,840,6300,10,7
Main Building,g15,Infrastructure,8,395,225,340,115,1075,7280,12,9
Main Building,g15,Infrastructure,9,505,290,430,145,1370,8380,14,10
Main Building,g15,Infrastructure,10,645,370,555,185,1755,9590,16,12
Main Building,g15,Infrastructure,11,825,470,710,235,2240,10940,18,15
Main Building,g15,Infrastructure,12,1060,605,905,300,2870,12440,20,18
Main Building,g15,Infrastructure,13,1355,775,1160,385,3675,14120,22,21
Main Building,g15,Infrastructure,14,1735,990,1485,495,4705,15980,24,26
Main Building,g15,Infrastructure,15,2220,1270,1900,635,6025,18050,26,31
Main Building,g15,Infrastructure,16,2840,1625,2435,810,7710,20370,29,37
Main Building,g15,Infrastructure,17,3635,2075,3115,1040,9865,22950,32,44
Main Building,g15,Infrastructure,18,4650,2660,3990,1330,12630,25830,35,53
Main Building,g15,Infrastructure,19,5955,3405,5105,1700,16165,29040,38,64
Main Building,g15,Infrastructure,20,7620,4355,6535,2180,20690,32630,41,77
Marketplace,g15,Infrastructure,1,80,70,120,70,340,1800,4,4
Marketplace,g15,Infrastructure,2,100,90,155,90,435,2390,6,4
Marketplace,g15,Infrastructure,3,130,115,195,115,555,3070,8,5
Marketplace,g15,Infrastructure,4,170,145,250,145,710,3860,10,6
Marketplace,g15,Infrastructure,5,215,190,320,190,915,4780,12,7
Marketplace,g15,Infrastructure,6,275,240,410,240,1165,5840,15,9
Marketplace,g15,Infrastructure,7,350,310,530,310,1500,7080,18,11
Marketplace,g15,Infrastructure,8,450,395,675,395,1915,8510,21,13
Marketplace,g15,Infrastructure,9,575,505,865,505,2450,10170,24,15
Marketplace,g15,Infrastructure,10,740,645,1105,645,3135,12100,27,19
Marketplace,g15,Infrastructure,11,945,825,1415,825,4010,14340,30,22
Marketplace,g15,Infrastructure,12,1210,1060,1815,1060,5145,16930,33,27
Marketplace,g15,Infrastructure,13,1545,1355,2320,1355,6575,19940,36,32
Marketplace,g15,Infrastructure,14,1980,1735,2970,1735,8420,23430,39,39
Marketplace,g15,Infrastructure,15,2535,2220,3805,2220,10780,27480,42,46
Marketplace,g15,Infrastructure,16,3245,2840,4870,2840,13795,32180,46,55
Marketplace,g15,Infrastructure,17,4155,3635,6230,3635,17655,37620,50,67
Marketplace,g15,Infrastructure,18,5315,4650,7975,4650,22590,43940,54,80
Marketplace,g15,Infrastructure,19,6805,5955,10210,5955,28925,51270,58,96
Marketplace,g15,Infrastructure,20,8710,7620,13065,7620,37015,59780,62,115
Palace,g15,Infrastructure,1,550,800,750,250,2350,5000,1,6
Palace,g15,Infrastructure,2,705,1025,960,320,3010,6100,2,7
Palace,g15,Infrastructure,3,900,1310,1230,410,3850,7380,3,9
Palace,g15,Infrastructure,4,1155,1680,1575,525,4935,8860,4,10
Palace,g15,Infrastructure,5,1475,2145,2015,670,6305,10570,5,12
Palace,g15,Infrastructure,6,1890,2750,2575,860,8075,12560,6,15
Palace,g15,Infrastructure,7,2420,3520,3300,1100,10340,14880,7,18
Palace,g15,Infrastructure,8,3095,4505,4220,1405,13225,17560,8,21
Palace,g15,Infrastructure,9,3965,5765,5405,1800,16935,20660,9,26
Palace,g15,Infrastructure,10,5075,7380,6920,2305,21680,24270,10,31
Palace,g15,Infrastructure,11,6495,9445,8855,2950,27745,28450,12,37
Palace,g15,Infrastructure,12,8310,12090,11335,3780,35515,33310,14,45
Palace,g15,Infrastructure,13,10640,15475,14505,4835,45455,38940,16,53
Palace,g15,Infrastructure,14,13615,19805,18570,6190,58180,45460,18,64
Palace,g15,Infrastructure,15,17430,25355,23770,7925,74480,53040,20,77
Palace,g15,Infrastructure,16,22310,32450,30425,10140,95325,61830,22,92
Palace,g15,Infrastructure,17,28560,41540,38940,12980,122020,72020,24,111
Palace,g15,Infrastructure,18,36555,53170,49845,16615,156185,83840,26,133
Palace,g15,Infrastructure,19,46790,68055,63805,21270,199920,97550,28,160
Palace,g15,Infrastructure,20,59890,87110,81670,27225,255895,113460,30,192
Residence,g15,Infrastructure,1,580,460,350,180,1570,2000,1,2
Residence,g15,Infrastructure,2,740,590,450,230,2010,2620,2,3
Residence,g15,Infrastructure,3,950,755,575,295,2575,3340,3,3
Residence,g15,Infrastructure,4,1215,965,735,375,3290,4170,4,4
Residence,g15,Infrastructure,5,1555,1235,940,485,4215,5140,5,5
Residence,g15,Infrastructure,6,1995,1580,1205,620,5400,6260,6,6
Residence,g15,Infrastructure,7,2550,2025,1540,790,6905,7570,7,7
Residence,g15,Infrastructure,8,3265,2590,1970,1015,8840,9080,8,9
Residence,g15,Infrastructure,9,4180,3315,2520,1295,11310,10830,9,10
Residence,g15,Infrastructure,10,5350,4245,3230,1660,14485,12860,10,12
Residence,g15,Infrastructure,11,6845,5430,4130,2125,18530,15220,12,15
Residence,g15,Infrastructure,12,8765,6950,5290,2720,23725,17950,14,18
Residence,g15,Infrastructure,13,11220,8900,6770,3480,30370,21130,16,21
Residence,g15,Infrastructure,14,14360,11390,8665,4455,38870,24810,18,26
Residence,g15,Infrastructure,15,18380,14580,11090,5705,49755,29080,20,31
Residence,g15,Infrastructure,16,23530,18660,14200,7300,63690,34030,22,37
Residence,g15,Infrastructure,17,30115,23885,18175,9345,81520,39770,24,44
Residence,g15,Infrastructure,18,38550,30570,23260,11965,104345,46440,26,53
Residence,g15,Infrastructure,19,49340,39130,29775,15315,133560,54170,28,64
Residence,g15,Infrastructure,20,63155,50090,38110,19600,170955,63130,30,77
Stonemason's Lodge,g15,Infrastructure,1,155,130,125,70,480,2200,2,1
Stonemason's Lodge,g15,Infrastructure,2,200,165,160,90,615,3150,3,1
Stonemason's Lodge,g15,Infrastructure,3,255,215,205,115,790,4260,4,2
Stonemason's Lodge,g15,Infrastructure,4,325,275,260,145,1005,5540,5,2
Stonemason's Lodge,g15,Infrastructure,5,415,350,335,190,1290,7020,6,2
Stonemason's Lodge,g15,Infrastructure,6,535,445,430,240,1650,8750,8,3
Stonemason's Lodge,g15,Infrastructure,7,680,570,550,310,2110,10750,10,4
Stonemason's Lodge,g15,Infrastructure,8,875,730,705,395,2705,13070,12,4
Stonemason's Lodge,g15,Infrastructure,9,1115,935,900,505,3455,15760,14,5
Stonemason's Lodge,g15,Infrastructure,10,1430,1200,1155,645,4430,18880,16,6
Stonemason's Lodge,g15,Infrastructure,11,1830,1535,1475,825,5665,22500,18,7
Stonemason's Lodge,g15,Infrastructure,12,2340,1965,1890,1060,7255,26700,20,9
Stonemason's Lodge,g15,Infrastructure,13,3000,2515,2420,1355,9290,31570,22,11
Stonemason's Lodge,g15,Infrastructure,14,3840,3220,3095,1735,11890,37220,24,13
Stonemason's Lodge,g15,Infrastructure,15,4910,4120,3960,2220,15210,43780,26,15
Stonemason's Lodge,g15,Infrastructure,16,6290,5275,5070,2840,19475,51380,29,18
Stonemason's Lodge,g15,Infrastructure,17,8050,6750,6490,3635,24925,60200,32,22
Stonemason's Lodge,g15,Infrastructure,18,10300,8640,8310,4650,31900,70430,35,27
Stonemason's Lodge,g15,Infrastructure,19,13185,11060,10635,5955,40835,82300,38,32
Stonemason's Lodge,g15,Infrastructure,20,16880,14155,13610,7620,52265,96070,41,38
Town Hall,g15,Infrastructure,1,1250,1110,1260,600,4220,12500,4,6
Town Hall,g15,Infrastructure,2,1600,1420,1615,770,5405,14800,6,7
Town Hall,g15,Infrastructure,3,2050,1820,2065,985,6920,17470,8,9
Town Hall,g15,Infrastructure,4,2620,2330,2640,1260,8850,20560,10,10
Town Hall,g15,Infrastructure,5,3355,2980,3380,1610,11325,24150,12,12
Town Hall,g15,Infrastructure,6,4295,3815,4330,2060,14500,28320,15,15
Town Hall,g15,Infrastructure,7,5500,4880,5540,2640,18560,33150,18,18
Town Hall,g15,Infrastructure,8,7035,6250,7095,3380,23760,38750,21,21
Town Hall,g15,Infrastructure,9,9005,8000,9080,4325,30410,45250,24,26
Town Hall,g15,Infrastructure,10,11530,10240,11620,5535,38925,52790,27,31
Town Hall,g15,Infrastructure,11,14755,13105,14875,7085,49820,61540,30,37
Town Hall,g15,Infrastructure,12,18890,16775,19040,9065,63770,71690,33,45
Town Hall,g15,Infrastructure,13,24180,21470,24370,11605,81625,83460,36,53
Town Hall,g15,Infrastructure,14,30950,27480,31195,14855,104480,97110,39,64
Town Hall,g15,Infrastructure,15,39615,35175,39930,19015,133735,112950,42,77
Town Hall,g15,Infrastructure,16,50705,45025,51110,24340,171180,131320,46,92
Town Hall,g15,Infrastructure,17,64905,57635,65425,31155,219120,152630,50,111
Town Hall,g15,Infrastructure,18,83075,73770,83740,39875,280460,177350,54,133
Town Hall,g15,Infrastructure,19,106340,94430,107190,51040,359000,206020,58,160
Town Hall,g15,Infrastructure,20,136115,120870,137200,65335,459520,239290,62,192
Trade Office,g15,Infrastructure,1,1400,1330,1200,400,4330,3000,3,4
Trade Office,g15,Infrastructure,2,1790,1700,1535,510,5535,3780,5,4
Trade Office,g15,Infrastructure,3,2295,2180,1965,655,7095,4680,7,5
Trade Office,g15,Infrastructure,4,2935,2790,2515,840,9080,5730,9,6
Trade Office,g15,Infrastructure,5,3760,3570,3220,1075,11625,6950,11,7
Trade Office,g15,Infrastructure,6,4810,4570,4125,1375,14880,8360,13,9
Trade Office,g15,Infrastructure,7,6155,5850,5280,1760,19045,10000,15,11
Trade Office,g15,Infrastructure,8,7880,7485,6755,2250,24370,11900,17,13
Trade Office,g15,Infrastructure,9,10090,9585,8645,2880,31200,14110,19,15
Trade Office,g15,Infrastructure,10,12915,12265,11070,3690,39940,16660,21,19
Trade Office,g15,Infrastructure,11,16530,15700,14165,4720,51115,19630,24,22
Trade Office,g15,Infrastructure,12,21155,20100,18135,6045,65435,23070,27,27
Trade Office,g15,Infrastructure,13,27080,25725,23210,7735,83750,27060,30,32
Trade Office,g15,Infrastructure,14,34660,32930,29710,9905,107205,31690,33,39
Trade Office,g15,Infrastructure,15,44370,42150,38030,12675,137225,37060,36,46
Trade Office,g15,Infrastructure,16,56790,53950,48680,16225,175645,43290,39,55
Trade Office,g15,Infrastructure,17,72690,69060,62310,20770,224830,50520,42,67
Trade Office,g15,Infrastructure,18,93045,88395,79755,26585,287780,58900,45,80
Trade Office,g15,Infrastructure,19,119100,113145,102085,34030,368360,68630,48,96
Trade Office,g15,Infrastructure,20,152445,144825,130670,43555,471495,79910,51,115
Treasury,g15,Infrastructure,1,2880,2740,2580,990,9190,8000,4,7
Treasury,g15,Infrastructure,2,3630,3450,3250,1245,11575,9580,6,9
Treasury,g15,Infrastructure,3,4570,4350,4095,1570,14585,11410,8,10
Treasury,g15,Infrastructure,4,5760,5480,5160,1980,18380,13540,10,12
Treasury,g15,Infrastructure,5,7260,6905,6505,2495,23165,16010,12,15
Treasury,g15,Infrastructure,6,9145,8700,8195,3145,29185,18870,15,18
Treasury,g15,Infrastructure,7,11525,10965,10325,3960,36775,22180,18,21
Treasury,g15,Infrastructure,8,14520,13815,13010,4990,46335,26030,21,26
Treasury,g15,Infrastructure,9,18295,17405,16390,6290,58380,30500,24,31
Treasury,g15,Infrastructure,10,23055,21930,20650,7925,73560,35680,27,37
Treasury,g15,Infrastructure,11,29045,27635,26020,9985,92685,41690,30,45
Treasury,g15,Infrastructure,12,36600,34820,32785,12580,116785,48660,33,53
Treasury,g15,Infrastructure,13,46115,43875,41310,15850,147150,56740,36,64
Treasury,g15,Infrastructure,14,58105,55280,52050,19975,185410,66120,39,77
Treasury,g15,Infrastructure,15,73210,69655,65585,25165,233615,77000,42,92
Treasury,g15,Infrastructure,16,92245,87760,82640,31710,294355,89620,46,111
Treasury,g15,Infrastructure,17,116230,110580,104125,39955,370890,104260,50,133
Treasury,g15,Infrastructure,18,146450,139330,131195,50340,467315,121240,54,160
Treasury,g15,Infrastructure,19,184530,175560,165305,63430,588825,140940,58,192
Treasury,g15,Infrastructure,20,232505,221205,208285,79925,741920,163790,62,230
Warehouse,g15,Infrastructure,1,130,160,90,40,420,2000,1,1
Warehouse,g15,Infrastructure,2,165,205,115,50,535,2620,2,1
Warehouse,g15,Infrastructure,3,215,260,145,65,685,3340,3,2
Warehouse,g15,Infrastructure,4,275,335,190,85,885,4170,4,2
Warehouse,g15,Infrastructure,5,350,430,240,105,1125,5140,5,2
Warehouse,g15,Infrastructure,6,445,550,310,135,1440,6260,6,3
Warehouse,g15,Infrastructure,7,570,705,395,175,1845,7570,7,4
Warehouse,g15,Infrastructure,8,730,900,505,225,2360,9080,8,4
Warehouse,g15,Infrastructure,9,935,1155,650,290,3030,10830,9,5
Warehouse,g15,Infrastructure,10,1200,1475,830,370,3875,12860,10,6
Warehouse,g15,Infrastructure,11,1535,1890,1065,470,4960,15220,12,7
Warehouse,g15,Infrastructure,12,1965,2420,1360,605,6350,17950,14,9
Warehouse,g15,Infrastructure,13,2515,3095,1740,775,8125,21130,16,11
Warehouse,g15,Infrastructure,14,3220,3960,2230,990,10400,24810,18,13
Warehouse,g15,Infrastructure,15,4120,5070,2850,1270,13310,29080,20,15
Warehouse,g15,Infrastructure,16,5275,6490,3650,1625,17040,34030,22,18
Warehouse,g15,Infrastructure,17,6750,8310,4675,2075,21810,39770,24,22
Warehouse,g15,Infrastructure,18,8640,10635,5980,2660,27915,46440,26,27
Warehouse,g15,Infrastructure,19,11060,13610,7655,3405,35730,54170,28,32
Warehouse,g15,Infrastructure,20,14155,17420,9800,4355,45730,63130,30,38
Waterworks,g15,Infrastructure,1,910,945,910,340,3105,2000,1,2
Waterworks,g15,Infrastructure,2,1190,1240,1190,445,4065,2620,2,3
Waterworks,g15,Infrastructure,3,1560,1620,1560,585,5325,3340,3,3
Waterworks,g15,Infrastructure,4,2045,2125,2045,765,6980,4170,4,4
Waterworks,g15,Infrastructure,5,2680,2785,2680,1000,9145,5140,5,5
Waterworks,g15,Infrastructure,6,3510,3645,3510,1310,11975,6260,6,6
Waterworks,g15,Infrastructure,7,4600,4775,4600,1720,15695,7570,7,7
Waterworks,g15,Infrastructure,8,6025,6255,6025,2250,20555,9080,8,9
Waterworks,g15,Infrastructure,9,7890,8195,7890,2950,26925,10830,9,10
Waterworks,g15,Infrastructure,10,10340,10735,10340,3865,35280,12860,10,12
Waterworks,g15,Infrastructure,11,13545,14065,13545,5060,46215,15220,12,15
Waterworks,g15,Infrastructure,12,17745,18425,17745,6630,60545,17950,14,18
Waterworks,g15,Infrastructure,13,23245,24135,23245,8685,79310,21130,16,21
Waterworks,g15,Infrastructure,14,30450,31620,30450,11375,103895,24810,18,26
Waterworks,g15,Infrastructure,15,39890,41420,39890,14905,136105,29080,20,31
Waterworks,g15,Infrastructure,16,52255,54265,52255,19525,178300,34030,22,37
Waterworks,g15,Infrastructure,17,68450,71085,68450,25575,233560,39770,24,44
Waterworks,g15,Infrastructure,18,89670,93120,89670,33505,305965,46440,26,53
Waterworks,g15,Infrastructure,19,117470,121985,117470,43890,400815,54170,28,64
Waterworks,g15,Infrastructure,20,153885,159805,153885,57495,525070,63130,30,77
Wonder Of The World,g15,Infrastructure,1,66700,69050,72200,13200,221150,9000,1,0
Wonder Of The World,g15,Infrastructure,2,68535,70950,74185,13565,227235,9430,2,0
Wonder Of The World,g15,Infrastructure,3,70420,72900,76225,13935,233480,9860,3,0
Wonder Of The World,g15,Infrastructure,4,72355,74905,78320,14320,239900,10300,4,0
Wonder Of The World,g15,Infrastructure,5,74345,76965,80475,14715,246500,10740,5,0
Wonder Of The World,g15,Infrastructure,6,76390,79080,82690,15120,253280,11190,6,0
Wonder Of The World,g15,Infrastructure,7,78490,81255,84965,15535,260245,11650,7,0
Wonder Of The World,g15,Infrastructure,8,80650,83490,87300,15960,267400,12110,8,0
Wonder Of The World,g15,Infrastructure,9,82865,85785,89700,16400,274750,12580,9,0
Wonder Of The World,g15,Infrastructure,10,85145,88145,92165,16850,282305,13060,10,0
Wonder Of The World,g15,Infrastructure,11,87485,90570,94700,17315,290070,13540,12,0
Wonder Of The World,g15,Infrastructure,12,89895,93060,97305,17790,298050,14030,14,0
Wonder Of The World,g15,Infrastructure,13,92365,95620,99980,18280,306245,14530,16,0
Wonder Of The World,g15,Infrastructure,14,94905,98250,102730,18780,314665,15030,18,0
Wonder Of The World,g15,Infrastructure,15,97515,100950,105555,19300,323320,15540,20,0
Wonder Of The World,g15,Infrastructure,16,100195,103725,108460,19830,332210,16060,22,0
Wonder Of The World,g15,Infrastructure,17,102950,106580,111440,20375,341345,16580,24,0
Wonder Of The World,g15,Infrastructure,18,105785,109510,114505,20935,350735,17120,26,0
Wonder Of The World,g15,Infrastructure,19,108690,112520,117655,21510,360375,17650,28,0
Wonder Of The World,g15,Infrastructure,20,111680,115615,120890,22100,370285,18200,30,0
Wonder Of The World,g15,Infrastructure,21,114755,118795,124215,22710,380475,18760,33,0
Wonder Of The World,g15,Infrastructure,22,117910,122060,127630,23335,390935,19320,36,0
Wonder Of The World,g15,Infrastructure,23,121150,125420,131140,23975,401685,19890,39,0
Wonder Of The World,g15,Infrastructure,24,124480,128870,134745,24635,412730,20470,42,0
Wonder Of The World,g15,Infrastructure,25,127905,132410,138455,25315,424085,21050,45,0
Academy,g15,Infrastructure,1,220,160,90,40,510,2000,4,5
Academy,g15,Infrastructure,2,280,205,115,50,650,2620,6,6
Academy,g15,Infrastructure,3,360,260,145,65,830,3340,8,7
Academy,g15,Infrastructure,4,460,335,190,85,1070,4170,10,8
Academy,g15,Infrastructure,5,590,430,240,105,1365,5140,12,10
Academy,g15,Infrastructure,6,755,550,310,135,1750,6260,15,12
Academy,g15,Infrastructure,7,970,705,395,175,2245,7570,18,14
Academy,g15,Infrastructure,8,1240,900,505,225,2870,9080,21,17
Academy,g15,Infrastructure,9,1585,1155,650,290,3680,10830,24,21
Academy,g15,Infrastructure,10,2030,1475,830,370,4705,12860,27,25
Academy,g15,Infrastructure,11,2595,1890,1065,470,6020,15220,30,30
Academy,g15,Infrastructure,12,3325,2420,1360,605,7710,17950,33,36
Academy,g15,Infrastructure,13,4255,3095,1740,775,9865,21130,36,43
Academy,g15,Infrastructure,14,5445,3960,2230,990,12625,24810,39,51
Academy,g15,Infrastructure,15,6970,5070,2850,1270,16160,29080,42,62
Academy,g15,Infrastructure,16,8925,6490,3650,1625,20690,34030,46,74
Academy,g15,Infrastructure,17,11425,8310,4675,2075,26485,39770,50,89
Academy,g15,Infrastructure,18,14620,10635,5980,2660,33895,46440,54,106
Academy,g15,Infrastructure,19,18715,13610,7655,3405,43385,54170,58,128
Academy,g15,Infrastructure,20,23955,17420,9800,4355,55530,63130,62,153
Asclepeion,g15,Infrastructure,1,320,280,420,360,1380,3000,4,6
Asclepeion,g15,Infrastructure,2,410,360,540,460,1770,3780,6,7
Asclepeion,g15,Infrastructure,3,525,460,690,590,2265,4680,8,9
Asclepeion,g15,Infrastructure,4,670,585,880,755,2890,5730,10,10
Asclepeion,g15,Infrastructure,5,860,750,1125,965,3700,6950,12,12
Asclepeion,g15,Infrastructure,6,1100,960,1445,1235,4740,8360,15,15
Asclepeion,g15,Infrastructure,7,1405,1230,1845,1585,6065,10000,18,18
Asclepeion,g15,Infrastructure,8,1800,1575,2365,2025,7765,11900,21,21
Asclepeion,g15,Infrastructure,9,2305,2020,3025,2595,9945,14110,24,26
Asclepeion,g15,Infrastructure,10,2950,2585,3875,3320,12730,16660,27,31
Asclepeion,g15,Infrastructure,11,3780,3305,4960,4250,16295,19630,30,37
Asclepeion,g15,Infrastructure,12,4835,4230,6345,5440,20850,23070,33,45
Asclepeion,g15,Infrastructure,13,6190,5415,8125,6965,26695,27060,36,53
Asclepeion,g15,Infrastructure,14,7925,6930,10400,8915,34170,31690,39,64
Asclepeion,g15,Infrastructure,15,10140,8875,13310,11410,43735,37060,42,77
Asclepeion,g15,Infrastructure,16,12980,11360,17035,14605,55980,43290,46,92
Asclepeion,g15,Infrastructure,17,16615,14540,21810,18690,71655,50520,50,111
Asclepeion,g15,Infrastructure,18,21270,18610,27915,23925,91720,58900,54,133
Asclepeion,g15,Infrastructure,19,27225,23820,35730,30625,117400,68630,58,160
Asclepeion,g15,Infrastructure,20,34845,30490,45735,39200,150270,79910,62,192
Barracks,g15,Infrastructure,1,210,140,260,120,730,2000,4,1
Barracks,g15,Infrastructure,2,270,180,335,155,940,2620,6,1
Barracks,g15,Infrastructure,3,345,230,425,195,1195,3340,8,2
Barracks,g15,Infrastructure,4,440,295,545,250,1530,4170,10,2
Barracks,g15,Infrastructure,5,565,375,700,320,1960,5140,12,2
Barracks,g15,Infrastructure,6,720,480,895,410,2505,6260,15,3
Barracks,g15,Infrastructure,7,925,615,1145,530,3215,7570,18,4
Barracks,g15,Infrastructure,8,1180,790,1465,675,4110,9080,21,4
Barracks,g15,Infrastructure,9,1515,1010,1875,865,5265,10830,24,5
Barracks,g15,Infrastructure,10,1935,1290,2400,1105,6730,12860,27,6
Barracks,g15,Infrastructure,11,2480,1655,3070,1415,8620,15220,30,7
Barracks,g15,Infrastructure,12,3175,2115,3930,1815,11035,17950,33,9
Barracks,g15,Infrastructure,13,4060,2710,5030,2320,14120,21130,36,11
Barracks,g15,Infrastructure,14,5200,3465,6435,2970,18070,24810,39,13
Barracks,g15,Infrastructure,15,6655,4435,8240,3805,23135,29080,42,15
Barracks,g15,Infrastructure,16,8520,5680,10545,4870,29615,34030,46,18
Barracks,g15,Infrastructure,17,10905,7270,13500,6230,37905,39770,50,22
Barracks,g15,Infrastructure,18,13955,9305,17280,7975,48515,46440,54,27
Barracks,g15,Infrastructure,19,17865,11910,22120,10210,62105,54170,58,32
Barracks,g15,Infrastructure,20,22865,15245,28310,13065,79485,63130,62,38
Barricade,g15,Infrastructure,1,110,170,70,50,400,2000,0,1
Barricade,g15,Infrastructure,2,140,220,90,65,515,2620,0,1
Barricade,g15,Infrastructure,3,180,280,115,80,655,3340,0,2
Barricade,g15,Infrastructure,4,230,355,145,105,835,4170,0,2
Barricade,g15,Infrastructure,5,295,455,190,135,1075,5140,0,2
Barricade,g15,Infrastructure,6,380,585,240,170,1375,6260,1,3
Barricade,g15,Infrastructure,7,485,750,310,220,1765,7570,2,4
Barricade,g15,Infrastructure,8,620,955,395,280,2250,9080,3,4
Barricade,g15,Infrastructure,9,795,1225,505,360,2885,10830,4,5
Barricade,g15,Infrastructure,10,1015,1570,645,460,3690,12860,5,6
Barricade,g15,Infrastructure,11,1300,2005,825,590,4720,15220,6,7
Barricade,g15,Infrastructure,12,1660,2570,1060,755,6045,17950,7,9
Barricade,g15,Infrastructure,13,2130,3290,1355,965,7740,21130,8,11
Barricade,g15,Infrastructure,14,2725,4210,1735,1240,9910,24810,9,13
Barricade,g15,Infrastructure,15,3485,5390,2220,1585,12680,29080,10,15
Barricade,g15,Infrastructure,16,4460,6895,2840,2030,16225,34030,12,18
Barricade,g15,Infrastructure,17,5710,8825,3635,2595,20765,39770,14,22
Barricade,g15,Infrastructure,18,7310,11300,4650,3325,26585,46440,16,27
Barricade,g15,Infrastructure,19,9360,14460,5955,4255,34030,54170,18,32
Barricade,g15,Infrastructure,20,11980,18510,7620,5445,43555,63130,20,38
City Wall,g15,Infrastructure,1,70,90,170,70,400,2000,0,1
City Wall,g15,Infrastructure,2,90,115,220,90,515,2620,0,1
City Wall,g15,Infrastructure,3,115,145,280,115,655,3340,0,2
City Wall,g15,Infrastructure,4,145,190,355,145,835,4170,0,2
City Wall,g15,Infrastructure,5,190,240,455,190,1075,5140,0,2
City Wall,g15,Infrastructure,6,240,310,585,240,1375,6260,1,3
City Wall,g15,Infrastructure,7,310,395,750,310,1765,7570,2,4
City Wall,g15,Infrastructure,8,395,505,955,395,2250,9080,3,4
City Wall,g15,Infrastructure,9,505,650,1225,505,2885,10830,4,5
City Wall,g15,Infrastructure,10,645,830,1570,645,3690,12860,5,6
City Wall,g15,Infrastructure,11,825,1065,2005,825,4720,15220,6,7
City Wall,g15,Infrastructure,12,1060,1360,2570,1060,6050,17950,7,9
City Wall,g15,Infrastructure,13,1355,1740,3290,1355,7740,21130,8,11
City Wall,g15,Infrastructure,14,1735,2230,4210,1735,9910,24810,9,13
City Wall,g15,Infrastructure,15,2220,2850,5390,2220,12680,29080,10,15
City Wall,g15,Infrastructure,16,2840,3650,6895,2840,16225,34030,12,18
City Wall,g15,Infrastructure,17,3635,4675,8825,3635,20770,39770,14,22
City Wall,g15,Infrastructure,18,4650,5980,11300,4650,26580,46440,16,27
City Wall,g15,Infrastructure,19,5955,7655,14460,5955,34025,54170,18,32
City Wall,g15,Infrastructure,20,7620,9800,18510,7620,43550,63130,20,38
Defensive Wall,g15,Infrastructure,1,160,100,80,60,400,2000,0,1
Defensive Wall,g15,Infrastructure,2,205,130,100,75,510,2620,0,1
Defensive Wall,g15,Infrastructure,3,260,165,130,100,655,3340,0,2
Defensive Wall,g15,Infrastructure,4,335,210,170,125,840,4170,0,2
Defensive Wall,g15,Infrastructure,5,430,270,215,160,1075,5140,0,2
Defensive Wall,g15,Infrastructure,6,550,345,275,205,1375,6260,1,3
Defensive Wall,g15,Infrastructure,7,705,440,350,265,1760,7570,2,4
Defensive Wall,g15,Infrastructure,8,900,565,450,340,2255,9080,3,4
Defensive Wall,g15,Infrastructure,9,1155,720,575,430,2880,10830,4,5
Defensive Wall,g15,Infrastructure,10,1475,920,740,555,3690,12860,5,6
Defensive Wall,g15,Infrastructure,11,1890,1180,945,710,4725,15220,6,7
Defensive Wall,g15,Infrastructure,12,2420,1510,1210,905,6045,17950,7,9
Defensive Wall,g15,Infrastructure,13,3095,1935,1545,1160,7735,21130,8,11
Defensive Wall,g15,Infrastructure,14,3960,2475,1980,1485,9900,24810,9,13
Defensive Wall,g15,Infrastructure,15,5070,3170,2535,1900,12675,29080,10,15
Defensive Wall,g15,Infrastructure,16,6490,4055,3245,2435,16225,34030,12,18
Defensive Wall,g15,Infrastructure,17,8310,5190,4155,3115,20770,39770,14,22
Defensive Wall,g15,Infrastructure,18,10635,6645,5315,3990,26585,46440,16,27
Defensive Wall,g15,Infrastructure,19,13610,8505,6805,5105,34025,54170,18,32
Defensive Wall,g15,Infrastructure,20,17420,10890,8710,6535,43555,63130,20,38
Earth Wall,g15,Infrastructure,1,120,200,0,80,400,2000,0,1
Earth Wall,g15,Infrastructure,2,155,255,0,100,510,2620,0,1
Earth Wall,g15,Infrastructure,3,195,330,0,130,655,3340,0,2
Earth Wall,g15,Infrastructure,4,250,420,0,170,840,4170,0,2
Earth Wall,g15,Infrastructure,5,320,535,0,215,1070,5140,0,2
Earth Wall,g15,Infrastructure,6,410,685,0,275,1370,6260,1,3
Earth Wall,g15,Infrastructure,7,530,880,0,350,1760,7570,2,4
Earth Wall,g15,Infrastructure,8,675,1125,0,450,2250,9080,3,4
Earth Wall,g15,Infrastructure,9,865,1440,0,575,2880,10830,4,5
Earth Wall,g15,Infrastructure,10,1105,1845,0,740,3690,12860,5,6
Earth Wall,g15,Infrastructure,11,1415,2360,0,945,4720,15220,6,7
Earth Wall,g15,Infrastructure,12,1815,3020,0,1210,6045,17950,7,9
Earth Wall,g15,Infrastructure,13,2320,3870,0,1545,7735,21130,8,11
Earth Wall,g15,Infrastructure,14,2970,4950,0,1980,9900,24810,9,13
Earth Wall,g15,Infrastructure,15,3805,6340,0,2535,12680,29080,10,15
Earth Wall,g15,Infrastructure,16,4870,8115,0,3245,16230,34030,12,18
Earth Wall,g15,Infrastructure,17,6230,10385,0,4155,20770,39770,14,22
Earth Wall,g15,Infrastructure,18,7975,13290,0,5315,26580,46440,16,27
Earth Wall,g15,Infrastructure,19,10210,17015,0,6805,34030,54170,18,32
Earth Wall,g15,Infrastructure,20,13065,21780,0,8710,43555,63130,20,38
Great Barracks,g15,Infrastructure,1,630,420,780,360,2190,2000,4,1
Great Barracks,g15,Infrastructure,2,805,540,1000,460,2805,2620,6,1
Great Barracks,g15,Infrastructure,3,1030,690,1280,590,3590,3340,8,2
Great Barracks,g15,Infrastructure,4,1320,880,1635,755,4590,4170,10,2
Great Barracks,g15,Infrastructure,5,1690,1125,2095,965,5875,5140,12,2
Great Barracks,g15,Infrastructure,6,2165,1445,2680,1235,7525,6260,15,3
Great Barracks,g15,Infrastructure,7,2770,1845,3430,1585,9630,7570,18,4
Great Barracks,g15,Infrastructure,8,3545,2365,4390,2025,12325,9080,21,4
Great Barracks,g15,Infrastructure,9,4540,3025,5620,2595,15780,10830,24,5
Great Barracks,g15,Infrastructure,10,5810,3875,7195,3320,20200,12860,27,6
Great Barracks,g15,Infrastructure,11,7440,4960,9210,4250,25860,15220,30,7
Great Barracks,g15,Infrastructure,12,9520,6345,11785,5440,33090,17950,33,9
Great Barracks,g15,Infrastructure,13,12185,8125,15085,6965,42360,21130,36,11
Great Barracks,g15,Infrastructure,14,15600,10400,19310,8915,54225,24810,39,13
Great Barracks,g15,Infrastructure,15,19965,13310,24720,11410,69405,29080,42,15
Great Barracks,g15,Infrastructure,16,25555,17035,31640,14605,88835,34030,46,18
Great Barracks,g15,Infrastructure,17,32710,21810,40500,18690,113710,39770,50,22
Great Barracks,g15,Infrastructure,18,41870,27915,51840,23925,145550,46440,54,27
Great Barracks,g15,Infrastructure,19,53595,35730,66355,30625,186305,54170,58,32
Great Barracks,g15,Infrastructure,20,68600,45735,84935,39200,238470,63130,62,38
Great Stable,g15,Infrastructure,1,780,420,660,300,2160,2200,5,2
Great Stable,g15,Infrastructure,2,1000,540,845,385,2770,2850,8,3
Great Stable,g15,Infrastructure,3,1280,690,1080,490,3540,3610,11,3
Great Stable,g15,Infrastructure,4,1635,880,1385,630,4530,4490,14,4
Great Stable,g15,Infrastructure,5,2095,1125,1770,805,5795,5500,17,5
Great Stable,g15,Infrastructure,6,2680,1445,2270,1030,7425,6680,20,6
Great Stable,g15,Infrastructure,7,3430,1845,2905,1320,9500,8050,23,7
Great Stable,g15,Infrastructure,8,4390,2365,3715,1690,12160,9640,26,9
Great Stable,g15,Infrastructure,9,5620,3025,4755,2160,15560,11480,29,10
Great Stable,g15,Infrastructure,10,7195,3875,6085,2765,19920,13620,32,12
Great Stable,g15,Infrastructure,11,9210,4960,7790,3540,25500,16100,36,15
Great Stable,g15,Infrastructure,12,11785,6345,9975,4535,32640,18980,40,18
Great Stable,g15,Infrastructure,13,15085,8125,12765,5805,41780,22310,44,21
Great Stable,g15,Infrastructure,14,19310,10400,16340,7430,53480,26180,48,26
Great Stable,g15,Infrastructure,15,24720,13310,20915,9505,68450,30670,52,31
Great Stable,g15,Infrastructure,16,31640,17035,26775,12170,87620,35880,56,37
Great Stable,g15,Infrastructure,17,40500,21810,34270,15575,112155,41920,60,44
Great Stable,g15,Infrastructure,18,51840,27915,43865,19940,143560,48930,64,53
Great Stable,g15,Infrastructure,19,66355,35730,56145,25520,183750,57060,68,64
Great Stable,g15,Infrastructure,20,84935,45735,71870,32665,235205,66490,72,77
Hero's Mansion,g15,Infrastructure,1,700,670,700,240,2310,2300,2,1
Hero's Mansion,g15,Infrastructure,2,930,890,930,320,3070,2670,3,1
Hero's Mansion,g15,Infrastructure,3,1240,1185,1240,425,4090,3090,4,2
Hero's Mansion,g15,Infrastructure,4,1645,1575,1645,565,5430,3590,5,2
Hero's Mansion,g15,Infrastructure,5,2190,2095,2190,750,7225,4160,6,2
Hero's Mansion,g15,Infrastructure,6,2915,2790,2915,1000,9620,4830,8,3
Hero's Mansion,g15,Infrastructure,7,3875,3710,3875,1330,12790,5600,10,4
Hero's Mansion,g15,Infrastructure,8,5155,4930,5155,1765,17005,6500,12,4
Hero's Mansion,g15,Infrastructure,9,6855,6560,6855,2350,22620,7540,14,5
Hero's Mansion,g15,Infrastructure,10,9115,8725,9115,3125,30080,8750,16,6
Hero's Mansion,g15,Infrastructure,11,12125,11605,12125,4155,40010,10150,18,7
Hero's Mansion,g15,Infrastructure,12,16125,15435,16125,5530,53215,11770,20,9
Hero's Mansion,g15,Infrastructure,13,21445,20525,21445,7350,70765,13650,22,11
Hero's Mansion,g15,Infrastructure,14,28520,27300,28520,9780,94120,15840,24,13
Hero's Mansion,g15,Infrastructure,15,37935,36310,37935,13005,125185,18370,26,15
Hero's Mansion,g15,Infrastructure,16,50450,48290,50450,17300,166490,21310,29,18
Hero's Mansion,g15,Infrastructure,17,67100,64225,67100,23005,221430,24720,32,22
Hero's Mansion,g15,Infrastructure,18,89245,85420,89245,30600,294510,28680,35,27
Hero's Mansion,g15,Infrastructure,19,118695,113605,118695,40695,391690,33260,38,32
Hero's Mansion,g15,Infrastructure,20,157865,151095,157865,54125,520950,38590,41,38
Hospital,g15,Infrastructure,1,320,280,420,360,1380,3000,4,5
Hospital,g15,Infrastructure,2,410,360,540,460,1770,3780,6,6
Hospital,g15,Infrastructure,3,525,460,690,590,2265,4680,8,7
Hospital,g15,Infrastructure,4,670,585,880,755,2890,5730,10,8
Hospital,g15,Infrastructure,5,860,750,1125,965,3700,6950,12,10
Hospital,g15,Infrastructure,6,1100,960,1445,1235,4740,8360,15,12
Hospital,g15,Infrastructure,7,1405,1230,1845,1585,6065,10000,18,14
Hospital,g15,Infrastructure,8,1800,1575,2365,2025,7765,11900,21,17
Hospital,g15,Infrastructure,9,2305,2020,3025,2595,9945,14110,24,21
Hospital,g15,Infrastructure,10,2950,2585,3875,3320,12730,16660,27,25
Hospital,g15,Infrastructure,11,3780,3305,4960,4250,16295,19630,30,30
Hospital,g15,Infrastructure,12,4835,4230,6345,5440,20850,23070,33,36
Hospital,g15,Infrastructure,13,6190,5415,8125,6965,26695,27060,36,43
Hospital,g15,Infrastructure,14,7925,6930,10400,8915,34170,31690,39,51
Hospital,g15,Infrastructure,15,10140,8875,13310,11410,43735,37060,42,62
Hospital,g15,Infrastructure,16,12980,11360,17035,14605,55980,43290,46,74
Hospital,g15,Infrastructure,17,16615,14540,21810,18690,71655,50520,50,89
Hospital,g15,Infrastructure,18,21270,18610,27915,23925,91720,58900,54,106
Hospital,g15,Infrastructure,19,27225,23820,35730,30625,117400,68630,58,128
Hospital,g15,Infrastructure,20,34845,30490,45735,39200,150270,79910,62,153
Makeshift Wall,g15,Infrastructure,1,50,80,40,30,200,2000,0,1
Makeshift Wall,g15,Infrastructure,2,65,100,50,40,255,2620,0,1
Makeshift Wall,g15,Infrastructure,3,80,130,65,50,325,3340,0,2
Makeshift Wall,g15,Infrastructure,4,105,170,85,65,425,4170,0,2
Makeshift Wall,g15,Infrastructure,5,135,215,105,80,535,5140,0,2
Makeshift Wall,g15,Infrastructure,6,170,275,135,105,685,6260,1,3
Makeshift Wall,g15,Infrastructure,7,220,350,175,130,875,7570,2,4
Makeshift Wall,g15,Infrastructure,8,280,450,225,170,1125,9080,3,4
Makeshift Wall,g15,Infrastructure,9,360,575,290,215,1440,10830,4,5
Makeshift Wall,g15,Infrastructure,10,460,740,370,275,1845,12860,5,6
Makeshift Wall,g15,Infrastructure,11,590,945,470,355,2360,15220,6,7
Makeshift Wall,g15,Infrastructure,12,755,1210,605,455,3025,17950,7,9
Makeshift Wall,g15,Infrastructure,13,965,1545,775,580,3865,21130,8,11
Makeshift Wall,g15,Infrastructure,14,1240,1980,990,745,4955,24810,9,13
Makeshift Wall,g15,Infrastructure,15,1585,2535,1270,950,6340,29080,10,15
Makeshift Wall,g15,Infrastructure,16,2030,3245,1625,1215,8115,34030,12,18
Makeshift Wall,g15,Infrastructure,17,2595,4155,2075,1560,10385,39770,14,22
Makeshift Wall,g15,Infrastructure,18,3325,5315,2660,1995,13295,46440,16,27
Makeshift Wall,g15,Infrastructure,19,4255,6805,3405,2550,17015,54170,18,32
Makeshift Wall,g15,Infrastructure,20,5445,8710,4355,3265,21775,63130,20,38
Palisade,g15,Infrastructure,1,160,100,80,60,400,2000,0,1
Palisade,g15,Infrastructure,2,205,130,100,75,510,2620,0,1
Palisade,g15,Infrastructure,3,260,165,130,100,655,3340,0,2
Palisade,g15,Infrastructure,4,335,210,170,125,840,4170,0,2
Palisade,g15,Infrastructure,5,430,270,215,160,1075,5140,0,2
Palisade,g15,Infrastructure,6,550,345,275,205,1375,6260,1,3
Palisade,g15,Infrastructure,7,705,440,350,265,1760,7570,2,4
Palisade,g15,Infrastructure,8,900,565,450,340,2255,9080,3,4
Palisade,g15,Infrastructure,9,1155,720,575,430,2880,10830,4,5
Palisade,g15,Infrastructure,10,1475,920,740,555,3690,12860,5,6
Palisade,g15,Infrastructure,11,1890,1180,945,710,4725,15220,6,7
Palisade,g15,Infrastructure,12,2420,1510,1210,905,6045,17950,7,9
Palisade,g15,Infrastructure,13,3095,1935,1545,1160,7735,21130,8,11
Palisade,g15,Infrastructure,14,3960,2475,1980,1485,9900,24810,9,13
Palisade,g15,Infrastructure,15,5070,3170,2535,1900,12675,29080,10,15
Palisade,g15,Infrastructure,16,6490,4055,3245,2435,16225,34030,12,18
Palisade,g15,Infrastructure,17,8310,5190,4155,3115,20770,39770,14,22
Palisade,g15,Infrastructure,18,10635,6645,5315,3990,26585,46440,16,27
Palisade,g15,Infrastructure,19,13610,8505,6805,5105,34025,54170,18,32
Palisade,g15,Infrastructure,20,17420,10890,8710,6535,43555,63130,20,38
Rally Point,g15,Infrastructure,1,110,160,90,70,430,2000,1,1
Rally Point,g15,Infrastructure,2,140,205,115,90,550,2620,2,1
Rally Point,g15,Infrastructure,3,180,260,145,115,700,3340,3,2
Rally Point,g15,Infrastructure,4,230,335,190,145,900,4170,4,2
Rally Point,g15,Infrastructure,5,295,430,240,190,1155,5140,5,2
Rally Point,g15,Infrastructure,6,380,550,310,240,1480,6260,6,3
Rally Point,g15,Infrastructure,7,485,705,395,310,1895,7570,7,4
Rally Point,g15,Infrastructure,8,620,900,505,395,2420,9080,8,4
Rally Point,g15,Infrastructure,9,795,1155,650,505,3105,10830,9,5
Rally Point,g15,Infrastructure,10,1015,1475,830,645,3965,12860,10,6
Rally Point,g15,Infrastructure,11,1300,1890,1065,825,5080,15220,12,7
Rally Point,g15,Infrastructure,12,1660,2420,1360,1060,6500,17950,14,9
Rally Point,g15,Infrastructure,13,2130,3095,1740,1355,8320,21130,16,11
Rally Point,g15,Infrastructure,14,2725,3960,2230,1735,10650,24810,18,13
Rally Point,g15,Infrastructure,15,3485,5070,2850,2220,13625,29080,20,15
Rally Point,g15,Infrastructure,16,4460,6490,3650,2840,17440,34030,22,18
Rally Point,g15,Infrastructure,17,5710,8310,4675,3635,22330,39770,24,22
Rally Point,g15,Infrastructure,18,7310,10635,5980,4650,28575,46440,26,27
Rally Point,g15,Infrastructure,19,9360,13610,7655,5955,36580,54170,28,32
Rally Point,g15,Infrastructure,20,11980,17420,9800,7620,46820,63130,30,38
Smithy,g15,Infrastructure,1,180,250,500,160,1090,2000,4,2
Smithy,g15,Infrastructure,2,230,320,640,205,1395,2620,6,3
Smithy,g15,Infrastructure,3,295,410,820,260,1785,3340,8,3
Smithy,g15,Infrastructure,4,375,525,1050,335,2285,4170,10,4
Smithy,g15,Infrastructure,5,485,670,1340,430,2925,5140,12,5
Smithy,g15,Infrastructure,6,620,860,1720,550,3750,6260,15,6
Smithy,g15,Infrastructure,7,790,1100,2200,705,4795,7570,18,7
Smithy,g15,Infrastructure,8,1015,1405,2815,900,6135,9080,21,9
Smithy,g15,Infrastructure,9,1295,1800,3605,1155,7855,10830,24,10
Smithy,g15,Infrastructure,10,1660,2305,4610,1475,10050,12860,27,12
Smithy,g15,Infrastructure,11,2125,2950,5905,1890,12870,15220,30,15
Smithy,g15,Infrastructure,12,2720,3780,7555,2420,16475,17950,33,18
Smithy,g15,Infrastructure,13,3480,4835,9670,3095,21080,21130,36,21
Smithy,g15,Infrastructure,14,4455,6190,12380,3960,26985,24810,39,26
Smithy,g15,Infrastructure,15,5705,7925,15845,5070,34545,29080,42,31
Smithy,g15,Infrastructure,16,7300,10140,20280,6490,44210,34030,46,37
Smithy,g15,Infrastructure,17,9345,12980,25960,8310,56595,39770,50,44
Smithy,g15,Infrastructure,18,11965,16615,33230,10635,72445,46440,54,53
Smithy,g15,Infrastructure,19,15315,21270,42535,13610,92730,54170,58,64
Smithy,g15,Infrastructure,20,19600,27225,54445,17420,118690,63130,62,77
Stable,g15,Infrastructure,1,260,140,220,100,720,2200,5,2
Stable,g15,Infrastructure,2,335,180,280,130,925,2850,8,3
Stable,g15,Infrastructure,3,425,230,360,165,1180,3610,11,3
Stable,g15,Infrastructure,4,545,295,460,210,1510,4490,14,4
Stable,g15,Infrastructure,5,700,375,590,270,1935,5500,17,5
Stable,g15,Infrastructure,6,895,480,755,345,2475,6680,20,6
Stable,g15,Infrastructure,7,1145,615,970,440,3170,8050,23,7
Stable,g15,Infrastructure,8,1465,790,1240,565,4060,9640,26,9
Stable,g15,Infrastructure,9,1875,1010,1585,720,5190,11480,29,10
Stable,g15,Infrastructure,10,2400,1290,2030,920,6640,13620,32,12
Stable,g15,Infrastructure,11,3070,1655,2595,1180,8500,16100,36,15
Stable,g15,Infrastructure,12,3930,2115,3325,1510,10880,18980,40,18
Stable,g15,Infrastructure,13,5030,2710,4255,1935,13930,22310,44,21
Stable,g15,Infrastructure,14,6435,3465,5445,2475,17820,26180,48,26
Stable,g15,Infrastructure,15,8240,4435,6970,3170,22815,30670,52,31
Stable,g15,Infrastructure,16,10545,5680,8925,4055,29205,35880,56,37
Stable,g15,Infrastructure,17,13500,7270,11425,5190,37385,41920,60,44
Stable,g15,Infrastructure,18,17280,9305,14620,6645,47850,48930,64,53
Stable,g15,Infrastructure,19,22120,11910,18715,8505,61250,57060,68,64
Stable,g15,Infrastructure,20,28310,15245,23955,10890,78400,66490,72,77
Stone Wall,g15,Infrastructure,1,110,160,70,60,400,2000,0,1
Stone Wall,g15,Infrastructure,2,140,205,90,75,510,2620,0,1
Stone Wall,g15,Infrastructure,3,180,260,115,100,655,3340,0,2
Stone Wall,g15,Infrastructure,4,230,335,145,125,835,4170,0,2
Stone Wall,g15,Infrastructure,5,295,430,190,160,1075,5140,0,2
Stone Wall,g15,Infrastructure,6,380,550,240,205,1375,6260,1,3
Stone Wall,g15,Infrastructure,7,485,705,310,265,1765,7570,2,4
Stone Wall,g15,Infrastructure,8,620,900,395,340,2255,9080,3,4
Stone Wall,g15,Infrastructure,9,795,1155,505,430,2885,10830,4,5
Stone Wall,g15,Infrastructure,10,1015,1475,645,555,3690,12860,5,6
Stone Wall,g15,Infrastructure,11,1300,1890,825,710,4725,15220,6,7
Stone Wall,g15,Infrastructure,12,1660,2420,1060,905,6045,17950,7,9
Stone Wall,g15,Infrastructure,13,2130,3095,1355,1160,7740,21130,8,11
Stone Wall,g15,Infrastructure,14,2725,3960,1735,1485,9905,24810,9,13
Stone Wall,g15,Infrastructure,15,3485,5070,2220,1900,12675,29080,10,15
Stone Wall,g15,Infrastructure,16,4460,6490,2840,2435,16225,34030,12,18
Stone Wall,g15,Infrastructure,17,5710,8310,3635,3115,20770,39770,14,22
Stone Wall,g15,Infrastructure,18,7310,10635,4650,3990,26585,46440,16,27
Stone Wall,g15,Infrastructure,19,9360,13610,5955,5105,34030,54170,18,32
Stone Wall,g15,Infrastructure,20,11980,17420,7620,6535,43555,63130,20,38
Tournament Square,g15,Infrastructure,1,1750,2250,1530,240,5770,3500,1,1
Tournament Square,g15,Infrastructure,2,2240,2880,1960,305,7385,4360,2,1
Tournament Square,g15,Infrastructure,3,2865,3685,2505,395,9450,5360,3,2
Tournament Square,g15,Infrastructure,4,3670,4720,3210,505,12105,6510,4,2
Tournament Square,g15,Infrastructure,5,4700,6040,4105,645,15490,7860,5,2
Tournament Square,g15,Infrastructure,6,6015,7730,5255,825,19825,9410,6,3
Tournament Square,g15,Infrastructure,7,7695,9895,6730,1055,25375,11220,7,4
Tournament Square,g15,Infrastructure,8,9850,12665,8615,1350,32480,13320,8,4
Tournament Square,g15,Infrastructure,9,12610,16215,11025,1730,41580,15750,9,5
Tournament Square,g15,Infrastructure,10,16140,20755,14110,2215,53220,18570,10,6
Tournament Square,g15,Infrastructure,11,20660,26565,18065,2835,68125,21840,12,7
Tournament Square,g15,Infrastructure,12,26445,34000,23120,3625,87190,25630,14,9
Tournament Square,g15,Infrastructure,13,33850,43520,29595,4640,111605,30030,16,11
Tournament Square,g15,Infrastructure,14,43330,55705,37880,5940,142855,35140,18,13
Tournament Square,g15,Infrastructure,15,55460,71305,48490,7605,182860,41060,20,15
Tournament Square,g15,Infrastructure,16,70990,91270,62065,9735,234060,47930,22,18
Tournament Square,g15,Infrastructure,17,90865,116825,79440,12460,299590,55900,24,22
Tournament Square,g15,Infrastructure,18,116305,149540,101685,15950,383480,65140,26,27
Tournament Square,g15,Infrastructure,19,148875,191410,130160,20415,490860,75860,28,32
Tournament Square,g15,Infrastructure,20,190560,245005,166600,26135,628300,88300,30,38
Trapper,g15,Infrastructure,1,80,120,70,90,360,2000,4,1
Trapper,g15,Infrastructure,2,100,155,90,115,460,2320,6,1
Trapper,g15,Infrastructure,3,130,195,115,145,585,2690,8,2
Trapper,g15,Infrastructure,4,170,250,145,190,755,3120,10,2
Trapper,g15,Infrastructure,5,215,320,190,240,965,3620,12,2
Trapper,g15,Infrastructure,6,275,410,240,310,1235,4200,15,3
Trapper,g15,Infrastructure,7,350,530,310,395,1585,4870,18,4
Trapper,g15,Infrastructure,8,450,675,395,505,2025,5650,21,4
Trapper,g15,Infrastructure,9,575,865,505,650,2595,6560,24,5
Trapper,g15,Infrastructure,10,740,1105,645,830,3320,7610,27,6
Trapper,g15,Infrastructure,11,945,1415,825,1065,4250,8820,30,7
Trapper,g15,Infrastructure,12,1210,1815,1060,1360,5445,10230,33,9
Trapper,g15,Infrastructure,13,1545,2320,1355,1740,6960,11870,36,11
Trapper,g15,Infrastructure,14,1980,2970,1735,2230,8915,13770,39,13
Trapper,g15,Infrastructure,15,2535,3805,2220,2850,11410,15980,42,15
Trapper,g15,Infrastructure,16,3245,4870,2840,3650,14605,18530,46,18
Trapper,g15,Infrastructure,17,4155,6230,3635,4675,18695,21500,50,22
Trapper,g15,Infrastructure,18,5315,7975,4650,5980,23920,24940,54,27
Trapper,g15,Infrastructure,19,6805,10210,5955,7655,30625,28930,58,32
Trapper,g15,Infrastructure,20,8710,13065,7620,9800,39195,33550,62,38
Workshop,g15,Infrastructure,1,460,510,600,320,1890,3000,3,4
Workshop,g15,Infrastructure,2,590,655,770,410,2425,3780,5,4
Workshop,g15,Infrastructure,3,755,835,985,525,3100,4680,7,5
Workshop,g15,Infrastructure,4,965,1070,1260,670,3965,5730,9,6
Workshop,g15,Infrastructure,5,1235,1370,1610,860,5075,6950,11,7
Workshop,g15,Infrastructure,6,1580,1750,2060,1100,6490,8360,13,9
Workshop,g15,Infrastructure,7,2025,2245,2640,1405,8315,10000,15,11
Workshop,g15,Infrastructure,8,2590,2870,3380,1800,10640,11900,17,13
Workshop,g15,Infrastructure,9,3315,3675,4325,2305,13620,14110,19,15
Workshop,g15,Infrastructure,10,4245,4705,5535,2950,17435,16660,21,19
Workshop,g15,Infrastructure,11,5430,6020,7085,3780,22315,19630,24,22
Workshop,g15,Infrastructure,12,6950,7705,9065,4835,28555,23070,27,27
Workshop,g15,Infrastructure,13,8900,9865,11605,6190,36560,27060,30,32
Workshop,g15,Infrastructure,14,11390,12625,14855,7925,46795,31690,33,39
Workshop,g15,Infrastructure,15,14580,16165,19015,10140,59900,37060,36,46
Workshop,g15,Infrastructure,16,18660,20690,24340,12980,76670,43290,39,55
Workshop,g15,Infrastructure,17,23885,26480,31155,16615,98135,50520,42,67
Workshop,g15,Infrastructure,18,30570,33895,39875,21270,125610,58900,45,80
Workshop,g15,Infrastructure,19,39130,43385,51040,27225,160780,68630,48,96
Workshop,g15,Infrastructure,20,50090,55535,65335,34845,205805,79910,51,115
